<?xml version="1.0" encoding="UTF-8"?>
<!DOCTYPE hibernate-configuration PUBLIC
"-//Hibernate/Hibernate Configuration DTD//EN"
"http://hibernate.sourceforge.net/hibernate-configuration-3.0.dtd">

<hibernate-configuration>
<session-factory>
      <property name="hibernate.connection.driver_class">com.mysql.jdbc.Driver</property>
      <property name="hibernate.connection.url">jdbc:mysql://localhost:3306/eventdb</property>
      <property name="hibernate.connection.username">root</property>
      <property name="hibernate.connection.password">root</property>
      <property name="hibernate.connection.pool_size">10</property>
      <property name="show_sql">true</property>
      <property name="dialect">org.hibernate.dialect.MySQLDialect</property>
      <property name="hibernate.jdbc.batch_size">20</property>
      <property name="hibernate.hbm2ddl.auto">update</property>
      <property name="hibernate.cache.use_second_level_cache">true</property>
      <property name="net.sf.ehcache.configurationResourceName">Ehcache.xml</property>
      <property name="hibernate.cache.region.factory_class">org.hibernate.cache.ehcache.SingletonEhCacheRegionFactory</property>
      <!-- Mapping files -->
     <!-- <mapping resource="com/cog/resources/room.hbm.xml"/>  -->
    <!-- <mapping class="com.cog.entities.Payment"/>
    <mapping class="com.cog.entities.CreditCard"/>
    <mapping class="com.cog.entities.DebitCard"/> -->
    <mapping class="com.cts.entities.Location"/>
    <mapping class="com.cts.entities.Event"/>
    <mapping class="com.cts.entities.Booking"/>
    <mapping class="com.cts.entities.Customer"/>
    <mapping class="com.cts.entities.NewCustomer"/>
    <mapping class="com.cts.entities.ExistingCustomer"/>
    
</session-factory>
</hibernate-configuration>